rate_id,plan_id,age_band,monthly_rate,coverage_year
1,10001TX0010001,0-20,247.00,2026
2,10001TX0010001,21-34,342.00,2026
3,10001TX0010001,35-49,437.00,2026
4,10001TX0010001,50-64,665.00,2026
5,10001TX0010001,65+,760.00,2026
6,10001TX0020001,0-20,305.50,2026
7,10001TX0020001,21-34,423.00,2026
8,10001TX0020001,35-49,540.50,2026
9,10001TX0020001,50-64,822.50,2026
10,10001TX0020001,65+,940.00,2026
11,10002FL0010001,0-20,317.72,2026
12,10002FL0010001,21-34,439.92,2026
13,10002FL0010001,35-49,562.12,2026
14,10002FL0010001,50-64,855.40,2026
15,10002FL0010001,65+,977.60,2026
16,10002FL0020001,0-20,378.56,2026
17,10002FL0020001,21-34,524.16,2026
18,10002FL0020001,35-49,669.76,2026
19,10002FL0020001,50-64,1019.20,2026
20,10002FL0020001,65+,1164.80,2026
21,10003GA0010001,0-20,239.59,2026
22,10003GA0010001,21-34,331.74,2026
23,10003GA0010001,35-49,423.89,2026
24,10003GA0010001,50-64,645.05,2026
25,10003GA0010001,65+,737.20,2026
26,10003GA0020001,0-20,353.08,2026
27,10003GA0020001,21-34,488.88,2026
28,10003GA0020001,35-49,624.68,2026
29,10003GA0020001,50-64,950.60,2026
30,10003GA0020001,65+,1086.40,2026
31,10004NC0010001,0-20,329.94,2026
32,10004NC0010001,21-34,456.84,2026
33,10004NC0010001,35-49,583.74,2026
34,10004NC0010001,50-64,888.30,2026
35,10004NC0010001,65+,1015.20,2026
36,10004NC0020001,0-20,463.32,2026
37,10004NC0020001,21-34,641.52,2026
38,10004NC0020001,35-49,819.72,2026
39,10004NC0020001,50-64,1247.40,2026
40,10004NC0020001,65+,1425.60,2026
